{
    "H": [
        230.67,
        230.67,
        230.67,
        230.67,
        230.67,
        230.67,
        230.67,
        230.67,
        230.67,
        230.67,
        230.67,
        261.39,
        261.39,
        261.39,
        261.39,
        261.39,
        261.39,
        261.39,
        261.39,
        261.39,
        261.39,
        261.39
    ],
    "ya0": [
        0.00125,
        0.0025,
        0.00375,
        0.005,
        0.00625,
        0.006875,
        0.0075,
        0.00875,
        0.009375,
        0.01,
        0.011875,
        0.00125,
        0.0025,
        0.00375,
        0.005,
        0.00625,
        0.006875,
        0.0075,
        0.00875,
        0.009375,
        0.01,
        0.011875
    ],
    "m": 1.57,
    "file": [
        "data_john_4_case_2.csv",
        "data_john_2_case_2.csv",
        "data_john_5_case_2.csv",
        "data_john_6_case_2.csv",
        "data_john_7_case_2.csv",
        "data_john_14_case_2.csv",
        "data_john_8_case_2.csv",
        "data_john_9_case_2.csv",
        "data_john_16_case_2.csv",
        "data_john_1_case_2.csv",
        "data_john_18_case_2.csv",
        "data_john_4_case_2.csv",
        "data_john_2_case_2.csv",
        "data_john_5_case_2.csv",
        "data_john_6_case_2.csv",
        "data_john_7_case_2.csv",
        "data_john_14_case_2.csv",
        "data_john_8_case_2.csv",
        "data_john_9_case_2.csv",
        "data_john_16_case_2.csv",
        "data_john_1_case_2.csv",
        "data_john_18_case_2.csv"
    ],
    "nb_epoch": 1000,
    "save_rate": 20,
    "dynamic_weights": true,
    "lr_weights": 0.1,
    "weight_data": 0.33,
    "weight_border": 0.33,
    "batch_size": 10000,
    "Re": 100,
    "lr_init": 0.001,
    "gamma_scheduler": 0.999,
    "nb_exit": 3,
    "nb_entry_branch": 100,
    "nb_entry_trunk": 3,
    "trunk_width": 32,
    "trunk_depth": 10,
    "branch_width": 32,
    "branch_depth": 10,
    "nb_branches": 32,
    "n_data_test": 5000,
    "nb_points": 144,
    "x_min": -0.1,
    "x_max": 0.1,
    "y_min": -0.06,
    "y_max": 0.06,
    "t_min": 6.5,
    "nb_period": 10,
    "nb_period_plot": 2,
    "nb_points_close_cylinder": 50,
    "rayon_close_cylinder": 0.015,
    "nb_points_border": 100
}