{
    "u_mean": 0.8220289349555969,
    "v_mean": 0.0005932769854553044,
    "p_mean": -0.053309231996536255,
    "x_mean": 0.09044939279556274,
    "y_mean": 4.2398776156638007e-10,
    "t_mean": 263.2111511230469,
    "x_std": 1.5576114654541016,
    "y_std": 1.132118821144104,
    "t_std": 1.859741449356079,
    "u_std": 0.38594603538513184,
    "v_std": 0.30679166316986084,
    "p_std": 0.245602086186409,
    "std0": 9.755169868469238,
    "std1": 10.407272338867188,
    "std2": 10.879807472229004,
    "std3": 11.165005683898926,
    "std4": 11.258084297180176,
    "std5": 11.157812118530273,
    "std6": 10.866288185119629,
    "std7": 10.388996124267578,
    "std8": 9.734861373901367,
    "std9": 8.91557502746582,
    "std10": 7.946591377258301,
    "std11": 6.845677375793457,
    "std12": 5.634584903717041,
    "std13": 4.339431285858154,
    "std14": 2.9975509643554688,
    "std15": 1.6935069561004639,
    "std16": 0.939113199710846,
    "std17": 1.7723814249038696,
    "std18": 3.077061653137207,
    "std19": 4.405600070953369,
    "std20": 5.679880619049072,
    "std21": 6.8646769523620605,
    "std22": 7.934771537780762,
    "std23": 8.870171546936035,
    "std24": 9.65363597869873,
    "std25": 10.271647453308105,
    "std26": 10.713457107543945,
    "std27": 10.971701622009277,
    "std28": 11.0423583984375,
    "std29": 10.9247407913208,
    "std30": 10.621630668640137,
    "std31": 10.138945579528809,
    "std32": 9.486120223999023,
    "std33": 8.675945281982422,
    "std34": 7.7241082191467285,
    "std35": 6.650336742401123,
    "std36": 5.478708744049072,
    "std37": 4.241756916046143,
    "std38": 2.992612838745117,
    "std39": 1.8721650838851929,
    "std40": 1.4082753658294678,
    "std41": 2.1130423545837402,
    "std42": 3.278430223464966,
    "std43": 4.513241291046143,
    "std44": 5.713370323181152,
    "std45": 6.833566188812256,
    "std46": 7.845731258392334,
    "std47": 8.72811508178711,
    "std48": 9.463729858398438,
    "std49": 10.039139747619629,
    "std50": 10.444185256958008,
    "std51": 10.672103881835938,
    "std52": 10.719504356384277,
    "std53": 10.586363792419434,
    "std54": 10.275879859924316,
    "std55": 9.7947359085083,
    "std56": 9.152924537658691,
    "std57": 8.364008903503418,
    "std58": 7.444677352905273,
    "std59": 6.416637420654297,
    "std60": 5.307201385498047,
    "std61": 4.156666278839111,
    "std62": 3.037842035293579,
    "std63": 2.1298255920410156,
    "std64": 1.8671154975891113,
    "std65": 2.4718778133392334,
    "std66": 3.4913413524627686,
    "std67": 4.611649513244629,
    "std68": 5.716948509216309,
    "std69": 6.754966735839844,
    "std70": 7.693459510803223,
    "std71": 8.509889602661133,
    "std72": 9.18698501586914,
    "std73": 9.711771965026855,
    "std74": 10.074444770812988,
    "std75": 10.269050598144531,
    "std76": 10.292645454406738,
    "std77": 10.146010398864746,
    "std78": 9.832880973815918,
    "std79": 9.360601425170898,
    "std80": 8.73991870880127,
    "std81": 7.9847636222839355,
    "std82": 7.113729476928711,
    "std83": 6.15001106262207,
    "std84": 5.1256537437438965,
    "std85": 4.089116096496582,
    "std86": 3.1294000148773193,
    "std87": 2.4334990978240967,
    "std88": 2.3087432384490967,
    "std89": 2.8304526805877686,
    "std90": 3.70595645904541,
    "std91": 4.696955680847168,
    "std92": 5.6902031898498535,
    "std93": 6.629305362701416,
    "std94": 7.479574680328369,
    "std95": 8.217686653137207,
    "std96": 8.826261520385742,
    "std97": 9.29268741607666,
    "std98": 9.607747077941895,
    "std99": 9.7662353515625,
    "mean0": 1.2262262105941772,
    "mean1": 1.1253780126571655,
    "mean2": 0.9951672554016113,
    "mean3": 0.8373433351516724,
    "mean4": 0.654416024684906,
    "mean5": 0.44934284687042236,
    "mean6": 0.22576330602169037,
    "mean7": -0.012220228090882301,
    "mean8": -0.2599664330482483,
    "mean9": -0.5126994252204895,
    "mean10": -0.7651955485343933,
    "mean11": -1.0123348236083984,
    "mean12": -1.2487543821334839,
    "mean13": -1.469120979309082,
    "mean14": -1.6683216094970703,
    "mean15": -1.8417179584503174,
    "mean16": -1.9848856925964355,
    "mean17": -2.09407639503479,
    "mean18": -2.1658291816711426,
    "mean19": -2.1976866722106934,
    "mean20": -2.18768572807312,
    "mean21": -2.134737253189087,
    "mean22": -2.038548707962036,
    "mean23": -1.899796724319458,
    "mean24": -1.7198975086212158,
    "mean25": -1.5011907815933228,
    "mean26": -1.24679696559906,
    "mean27": -0.9606543779373169,
    "mean28": -0.6474723219871521,
    "mean29": -0.31245505809783936,
    "mean30": 0.038421109318733215,
    "mean31": 0.3989816904067993,
    "mean32": 0.762506365776062,
    "mean33": 1.1219865083694458,
    "mean34": 1.4707093238830566,
    "mean35": 1.8016787767410278,
    "mean36": 2.108076572418213,
    "mean37": 2.3833982944488525,
    "mean38": 2.6218223571777344,
    "mean39": 2.817844867706299,
    "mean40": 2.96688175201416,
    "mean41": 3.0649633407592773,
    "mean42": 3.108886241912842,
    "mean43": 3.0964877605438232,
    "mean44": 3.0269646644592285,
    "mean45": 2.900099992752075,
    "mean46": 2.717034339904785,
    "mean47": 2.479912281036377,
    "mean48": 2.19175124168396,
    "mean49": 1.8569304943084717,
    "mean50": 1.4805610179901123,
    "mean51": 1.068761944770813,
    "mean52": 0.6282592415809631,
    "mean53": 0.16668841242790222,
    "mean54": -0.3080613613128662,
    "mean55": -0.7874770164489746,
    "mean56": -1.2628422975540161,
    "mean57": -1.7252572774887085,
    "mean58": -2.166231393814087,
    "mean59": -2.577047109603882,
    "mean60": -2.9498491287231445,
    "mean61": -3.2769861221313477,
    "mean62": -3.5514473915100098,
    "mean63": -3.7676358222961426,
    "mean64": -3.920234441757202,
    "mean65": -4.00527286529541,
    "mean66": -4.020047187805176,
    "mean67": -3.963069200515747,
    "mean68": -3.833967447280884,
    "mean69": -3.6337928771972656,
    "mean70": -3.3650763034820557,
    "mean71": -3.03131103515625,
    "mean72": -2.6373860836029053,
    "mean73": -2.189302921295166,
    "mean74": -1.6944371461868286,
    "mean75": -1.1606744527816772,
    "mean76": -0.5971521139144897,
    "mean77": -0.013486729003489017,
    "mean78": 0.5803108215332031,
    "mean79": 1.1736890077590942,
    "mean80": 1.7558239698410034,
    "mean81": 2.3163528442382812,
    "mean82": 2.8446576595306396,
    "mean83": 3.3310678005218506,
    "mean84": 3.766077995300293,
    "mean85": 4.141025066375732,
    "mean86": 4.448310852050781,
    "mean87": 4.68155574798584,
    "mean88": 4.8353986740112305,
    "mean89": 4.9061174392700195,
    "mean90": 4.891077041625977,
    "mean91": 4.789156913757324,
    "mean92": 4.601113796234131,
    "mean93": 4.328977584838867,
    "mean94": 3.976548194885254,
    "mean95": 3.5489251613616943,
    "mean96": 3.052598476409912,
    "mean97": 2.4953560829162598,
    "mean98": 1.886482834815979,
    "mean99": 1.2358744144439697
}