{
    "u_mean": 0.8220289349555969,
    "v_mean": 0.0005932767526246607,
    "p_mean": -0.053309228271245956,
    "x_mean": 0.09044939279556274,
    "y_mean": 6.937981300580986e-10,
    "t_mean": 263.3113708496094,
    "x_std": 1.5576114654541016,
    "y_std": 1.132118821144104,
    "t_std": 1.9111919403076172,
    "u_std": 0.3859460651874542,
    "v_std": 0.30679166316986084,
    "p_std": 0.245602086186409,
    "std0": 3.5843746662139893,
    "std1": 3.912517547607422,
    "std2": 4.177674293518066,
    "std3": 4.375660419464111,
    "std4": 4.503196716308594,
    "std5": 4.558289051055908,
    "std6": 4.540037631988525,
    "std7": 4.448732376098633,
    "std8": 4.285862922668457,
    "std9": 4.053980350494385,
    "std10": 3.7569262981414795,
    "std11": 3.3993849754333496,
    "std12": 2.987194776535034,
    "std13": 2.5268895626068115,
    "std14": 2.0259850025177,
    "std15": 1.492355465888977,
    "std16": 0.9348418116569519,
    "std17": 0.3622194230556488,
    "std18": 0.21616218984127045,
    "std19": 0.791134774684906,
    "std20": 1.3533766269683838,
    "std21": 1.8938405513763428,
    "std22": 2.4037704467773438,
    "std23": 2.8750834465026855,
    "std24": 3.3000831604003906,
    "std25": 3.6720335483551025,
    "std26": 3.9848949909210205,
    "std27": 4.233633518218994,
    "std28": 4.4142279624938965,
    "std29": 4.5238165855407715,
    "std30": 4.560609817504883,
    "std31": 4.524024486541748,
    "std32": 4.414640426635742,
    "std33": 4.234217166900635,
    "std34": 3.98565936088562,
    "std35": 3.673006534576416,
    "std36": 3.301215648651123,
    "std37": 2.876357078552246,
    "std38": 2.4051058292388916,
    "std39": 1.8952702283859253,
    "std40": 1.3548773527145386,
    "std41": 0.7927509546279907,
    "std42": 0.21780148148536682,
    "std43": 0.3606528043746948,
    "std44": 0.9333035349845886,
    "std45": 1.4908702373504639,
    "std46": 2.0245144367218018,
    "std47": 2.5255234241485596,
    "std48": 2.985954761505127,
    "std49": 3.3983371257781982,
    "std50": 3.7560348510742188,
    "std51": 4.053260326385498,
    "std52": 4.285301685333252,
    "std53": 4.448370933532715,
    "std54": 4.539881706237793,
    "std55": 4.5583391189575195,
    "std56": 4.503445148468018,
    "std57": 4.376103401184082,
    "std58": 4.178332328796387,
    "std59": 3.913360595703125,
    "std60": 3.5853888988494873,
    "std61": 3.1997227668762207,
    "std62": 2.7625675201416016,
    "std63": 2.2810187339782715,
    "std64": 1.7627094984054565,
    "std65": 1.2161023616790771,
    "std66": 0.6497930884361267,
    "std67": 0.07309466600418091,
    "std68": 0.5047107934951782,
    "std69": 1.0745317935943604,
    "std70": 1.6269277334213257,
    "std71": 2.1531500816345215,
    "std72": 2.644733190536499,
    "std73": 3.0938706398010254,
    "std74": 3.49312162399292,
    "std75": 3.8362510204315186,
    "std76": 4.117574691772461,
    "std77": 4.332655906677246,
    "std78": 4.478034496307373,
    "std79": 4.551380157470703,
    "std80": 4.551478862762451,
    "std81": 4.47832727432251,
    "std82": 4.333139419555664,
    "std83": 4.1182403564453125,
    "std84": 3.837088108062744,
    "std85": 3.49411678314209,
    "std86": 3.09500789642334,
    "std87": 2.645994186401367,
    "std88": 2.154514789581299,
    "std89": 1.6283740997314453,
    "std90": 1.0760364532470703,
    "std91": 0.5062494874000549,
    "std92": 0.07154664397239685,
    "std93": 0.648329496383667,
    "std94": 1.2145429849624634,
    "std95": 1.7612172365188599,
    "std96": 2.279557704925537,
    "std97": 2.761335611343384,
    "std98": 3.1985695362091064,
    "std99": 3.5844318866729736,
    "mean0": -7.576257228851318,
    "mean1": -8.269851684570312,
    "mean2": -8.830310821533203,
    "mean3": -9.248793601989746,
    "mean4": -9.518363952636719,
    "mean5": -9.634820938110352,
    "mean6": -9.596232414245605,
    "mean7": -9.40324592590332,
    "mean8": -9.058995246887207,
    "mean9": -8.568855285644531,
    "mean10": -7.940980911254883,
    "mean11": -7.185257911682129,
    "mean12": -6.3140058517456055,
    "mean13": -5.341063976287842,
    "mean14": -4.282308101654053,
    "mean15": -3.15437912940979,
    "mean16": -1.9759674072265625,
    "mean17": -0.7656201720237732,
    "mean18": 0.4568999409675598,
    "mean19": 1.6722151041030884,
    "mean20": 2.860621452331543,
    "mean21": 4.002994537353516,
    "mean22": 5.080825328826904,
    "mean23": 6.07703971862793,
    "mean24": 6.975356101989746,
    "mean25": 7.761542320251465,
    "mean26": 8.422831535339355,
    "mean27": 8.948592185974121,
    "mean28": 9.330316543579102,
    "mean29": 9.56195068359375,
    "mean30": 9.639724731445312,
    "mean31": 9.562389373779297,
    "mean32": 9.331185340881348,
    "mean33": 8.94982624053955,
    "mean34": 8.424452781677246,
    "mean35": 7.763599395751953,
    "mean36": 6.977751731872559,
    "mean37": 6.079730033874512,
    "mean38": 5.083649635314941,
    "mean39": 4.006016254425049,
    "mean40": 2.8637912273406982,
    "mean41": 1.6756305694580078,
    "mean42": 0.46036502718925476,
    "mean43": -0.7623085975646973,
    "mean44": -1.9727147817611694,
    "mean45": -3.1512389183044434,
    "mean46": -4.279196739196777,
    "mean47": -5.338176250457764,
    "mean48": -6.311382293701172,
    "mean49": -7.183033466339111,
    "mean50": -7.939097881317139,
    "mean51": -8.567341804504395,
    "mean52": -9.057801246643066,
    "mean53": -9.402482986450195,
    "mean54": -9.595909118652344,
    "mean55": -9.634922981262207,
    "mean56": -9.518890380859375,
    "mean57": -9.249731063842773,
    "mean58": -8.831701278686523,
    "mean59": -8.271634101867676,
    "mean60": -7.578400135040283,
    "mean61": -6.7632246017456055,
    "mean62": -5.839214324951172,
    "mean63": -4.821368217468262,
    "mean64": -3.725820779800415,
    "mean65": -2.5704643726348877,
    "mean66": -1.3734619617462158,
    "mean67": -0.15449954569339752,
    "mean68": 1.0668015480041504,
    "mean69": 2.271228313446045,
    "mean70": 3.4388234615325928,
    "mean71": 4.551096439361572,
    "mean72": 5.590148448944092,
    "mean73": 6.53948450088501,
    "mean74": 7.383378028869629,
    "mean75": 8.108648300170898,
    "mean76": 8.703278541564941,
    "mean77": 9.157893180847168,
    "mean78": 9.465179443359375,
    "mean79": 9.620208740234375,
    "mean80": 9.620420455932617,
    "mean81": 9.465794563293457,
    "mean82": 9.158918380737305,
    "mean83": 8.704686164855957,
    "mean84": 8.110420227050781,
    "mean85": 7.3854804039001465,
    "mean86": 6.541885852813721,
    "mean87": 5.5928144454956055,
    "mean88": 4.553979396820068,
    "mean89": 3.4418795108795166,
    "mean90": 2.2744088172912598,
    "mean91": 1.0700552463531494,
    "mean92": -0.15122748911380768,
    "mean93": -1.3703687191009521,
    "mean94": -2.5671684741973877,
    "mean95": -3.7226696014404297,
    "mean96": -4.818281173706055,
    "mean97": -5.836608409881592,
    "mean98": -6.760785102844238,
    "mean99": -7.576379299163818
}